type,name,notice,furigana
燃える,アイスキャンディーの棒,,あ
燃える,アイスクリームのカップ・フタ,,あ
燃えない,アイスピック,,あ
燃える,アイスまくら（アイスノン）,,あ
燃えない,アイロン,コードは切って「硬質ごみ」へ,あ
燃えない,アイロン台,,あ
燃える,アイロン用のり容器,中身を使い切る,あ
燃える,アカすりタオル,,あ
燃えない,アクリル板,１ｍ角以下のもの又はその寸法に切ったもの,あ
古紙・古衣類,厚紙,（その他の紙）,あ
燃えない,圧力鍋,,あ
燃える,アノラック,,あ
燃える,油（エンジンオイル（少量））,紙や布に染みこませる,あ
燃える,油（オイル（少量））,紙や布に染みこませる,あ
燃える,油（食用油）,紙や布に染みこませる又は固めて出す,あ
燃える,油（天ぷら油）,紙や布に染みこませる又は固めて出す,あ
燃える,油こし（紙製）,,あ
燃えない,油差し（金属製）,,あ
燃える,油差し（金属製以外）,,あ
燃える,雨ガッパ,,あ
燃えない,雨どい,少量に限る　長さ１ｍ以下のもの又はその寸法に切ったもの,あ
燃える,網,ビニール製に限る　１ｍ角以下のもの又はその寸法に切ったもの,あ
燃える,編み針（竹製）,,あ
燃えない,編み針（竹製以外）,,あ
燃える,アルミ箔（ホイル）,,あ
燃える,アルバム,,あ
燃えない,アルミカップ,,あ
燃える,アルミカップ（弁当用）,,あ
燃えない,アルミ鍋,,あ
特殊・硬質,アルミホイール（タイヤ除く）,,あ
燃えない,アルミホイルの刃,,あ
燃えない,泡立て器,コードは切って「硬質ごみ」へ,あ
燃えない,安全靴,,あ
燃えない,安全ピン,,あ
燃えない,アンテナ（室内受信用）,コードは切って「硬質ごみ」へ,あ
特殊・硬質,アンテナケーブル,,あ
燃えない,アンプ,縦、横、高さの合計が１ｍ以下又は重さ１０㎏以下のもの　コードは切って「硬質ごみ」へ,あ
燃えない,アンプル,,あ
燃えない,衣装ケース,,い
燃える,イス（木製）,縦、横、高さの合計が１ｍ以下又は重さ１０㎏以下のもの,い
燃えない,イス（木製以外）,縦、横、高さの合計が１ｍ以下又は重さ１０㎏以下のもの,い
燃える,板（木）,長さ４０㎝厚さ８㎝以下のもの又ははその寸法に切ったもの,い
燃えない,一斗缶,少量に限る・中身を使い切る,い
燃える,糸（家庭用のみ）,,い
燃える,犬小屋（木製）,縦、横、高さの合計が１ｍ以下又は重さ１０㎏以下のもの,い
燃えない,犬小屋（木製以外）,縦、横、高さの合計が１ｍ以下又は重さ１０㎏以下のもの,い
燃えない,イヤホン,,い
燃える,衣類,,い
燃えない,入れ歯,,い
燃える,色鉛筆（容器は除く）,,い
燃える,印鑑,,い
燃える,印鑑ケース,,い
燃えない,インクカートリッジ（プリンター用）,販売店に確認,い
燃えない,インク容器,中身を使い切る,い
燃える,インスタントラーメン,,い
燃える,インスタントラーメン（袋）,,い
燃えない,インターホン,,い
燃える,飲料製品の口付きアルミパック,,い
燃える,ウインドブレーカー,,う
燃えない,植木鉢,,う
燃える,植木鉢（苗用ポット）,,う
燃える,ウエス,,う
燃える,ウエストバック,,う
燃える,ウエットティッシュ,,う
燃える,ウォッシャー液容器,中身を使い切る,う
燃える,うがい薬容器,中身を使い切る,う
燃える,浮き輪,,う
燃える,うちわ,,う
燃えない,腕時計,,う
燃える,運動靴,,う
燃える,ウエットスーツ,,う
燃える,エアークッション,,え
燃える,エアークッション（梱包用）,,え
燃える,エアーポンプ（手動用）,,え
燃えない,エアーポンプ（電動式）,コードは切って「硬質ごみ」へ,え
燃える,エアーマット,,え
燃える,エアゾール缶のキャップ,,え
燃えない,Ａ．Ｃアダプター,コードは切って「硬質ごみ」へ,え
燃えない,液晶テレビ,コードは切って「硬質ごみ」へ,え
特殊・硬質,エキスパンダー,,え
燃える,液体のり容器,中身を使い切る,え
燃える,液体肥料容器,中身を使い切る,え
燃えない,絵の具容器（金属製）,中身を使い切る,え
燃える,絵の具容器（金属製以外）,中身を使い切る,え
燃える,エプロン,,え
燃えない,ＭＯ,,え
燃えない,ＭＯプレーヤー,コードは切って「硬質ごみ」へ,え
燃えない,ＭＤ,,え
燃えない,ＭＤプレーヤー,コードは切って「硬質ごみ」へ,え
燃えない,ＬＤ,,え
燃えない,ＬＤプレーヤー,コードは切って「硬質ごみ」へ,え
燃えない,園芸用バリカン,,え
特殊・硬質,延長コード,,え
燃えない,塩ビ管,少量に限る　長さ１ｍ以下のもの又はその寸法以下に切ったもの,え
燃える,鉛筆,,え
燃えない,鉛筆削り,コードは切って「硬質ごみ」へ,え
燃えない,オーブントースター,コードは切って「硬質ごみ」へ,お
燃えない,オカリナ,,お
燃えない,置時計,,お
燃えない,屋外アンテナ,コードは切って「硬質ごみ」へ,お
燃える,桶（木・竹製）,縦、横、高さの合計が１ｍ以下又は重さ１０㎏以下のもの,お
燃えない,桶（木・竹製以外）,縦、横、高さの合計が１ｍ以下又は重さ１０㎏以下のもの,お
燃える,押し入れスノコ（木製）,,お
燃えない,押し入れスノコ（木製以外）,,お
燃える,おしぼり,,お
燃える,おしゃぶり,,お
燃えない,おたま,,お
燃える,落ち葉,少量に限る（２～３袋程度）,お
燃える,お手拭,,お
燃える,帯（和服）,長さ１ｍ以下のもの又はその寸法に切ったもの,お
燃える,お風呂マット,４０㎝角以下のもの又はその寸法に切ったもの,お
燃える,おぼん（木製）,,お
燃えない,おぼん（木製以外）,,お
燃えない,おまる,,お
燃える,おむつカバー,,お
燃える,おもちゃ（紙・木製）,,お
燃えない,おもちゃ（紙・木製以外）,,お
古紙・古衣類,折り紙,（その他の紙）,お
燃えない,折りたたみイス,,お
燃えない,オルゴール,,お
燃えない,おろし金,,お
燃える,おわん（木製）,,お
燃えない,おわん（プラスチック製）,,お
燃えない,温度計,水銀式は「特殊ごみ」へ,お
燃えない,温風ヒーター,灯油を抜く　コードは切って「硬質ごみ」へ,お
燃えない,カーコンポ,コードは切って「硬質ごみ」へ,か
燃える,ガーゼ,,か
燃える,カーテン,１ｍ角以下のもの又はその寸法に切ったもの,か
燃えない,カーテンレール,長さ１ｍ以下のもの又はその寸法に切ったもの,か
燃える,カード,,か
燃えない,カーナビゲーション,コードは切って「硬質ごみ」へ,か
燃える,カーペット,４０㎝角以下のもの又はその寸法に切ったもの,か
燃えない,カーペットローラー,,か
燃える,カーボン紙,,か
燃えない,カーラー,,か
燃える,貝殻,,か
燃えない,懐中電灯,,か
燃える,買物かご（木・竹製）,,か
燃えない,買物かご（木・竹製以外）,,か
燃えない,カイロ,,か
燃える,カイロ（使い捨て）,,か
燃える,ガウン,,か
燃えない,鏡,,か
燃えない,かき氷機,縦、横、高さの合計が１ｍ以下又は重さ１０㎏以下のもの　コードは切って「硬質ごみ」へ,か
燃えない,額縁,１ｍ角以下のもの又はその寸法に切ったもの,か
燃える,額縁（木枠）,４０㎝角以下のもの又はその寸法に切ったもの,か
燃えない,掛け時計,,か
特殊・硬質,カケヤ,,か
燃える,カゴ（木・竹製）,,か
燃えない,カゴ（木・竹製以外）,,か
燃えない,傘,,か
燃えない,傘立て,縦、横、高さの合計が１ｍ以下又は重さ１０㎏以下のもの,か
燃えない,加湿器,コードは切って「硬質ごみ」へ,か
古紙・古衣類,菓子箱,（その他の紙）,か
燃える,菓子袋,,か
燃える,カスタネット,,か
燃えない,ガステーブル,,か
燃えない,ガスレンジ,,か
燃えない,カセットコンロ,,か
燃えない,カセットテープ,,か
燃えない,カセットデッキ,,か
古紙・古衣類,型紙,（その他の紙）,か
燃えない,片手鍋,,か
燃えない,カチューシャ（髪どめ）,,か
燃えない,楽器（アコーディオン）,,か
燃えない,楽器（エレキギター）,コードは切って「硬質ごみ」へ,か
燃える,楽器（ギター）,,か
燃えない,楽器（クラリネット）,,か
燃えない,楽器（サックス）,,か
燃えない,楽器（シンバル）,,か
燃えない,楽器（タンバリン）,,か
燃えない,楽器（トライアングル）,,か
燃えない,楽器（ドラム）,縦、横、高さの合計が１ｍ以下又は重さ１０㎏以下のもの,か
燃えない,楽器（トランペット）,,か
燃えない,楽器（トロンボーン）,,か
燃えない,楽器（ハーモニカ）,,か
燃える,楽器（バイオリン）,,か
燃えない,楽器（フルート）,,か
燃えない,カッター（押し切り）,,か
燃えない,カッターナイフ,,か
燃える,ガット,,か
燃える,カット綿,,か
燃える,合羽,,か
燃えない,カップ（食器）,,か
燃える,カップ麺,,か
燃える,カップめん容器・スープ袋,,か
燃える,割烹着,,か
燃える,かつら,,か
燃えない,家庭用ゲーム機,,か
燃えない,家庭用ゲームソフト,,か
燃えない,蚊取り線香カバー,,か
燃えない,金網（バーベキュー用）,,か
燃えない,カネジャク（金尺）,,か
燃える,カバン,,か
燃える,画板,,か
燃える,カビ取り剤容器,,か
燃えない,画鋲,,か
燃えない,花ビン,,か
燃える,壁紙,,か
燃えない,釜,,か
燃えない,鎌,,か
燃える,カマボコ（板）,,か
燃える,紙オムツ（汚物は除く）,,か
燃える,紙コップ,,か
燃える,紙皿,,か
燃えない,カミソリ,,か
燃えない,カミソリ替え刃,,か
燃える,紙テープ,,か
燃える,紙粘土,,か
燃える,髪の毛,,か
古紙・古衣類,紙袋,,か
燃える,紙やすり,,か
燃える,ガム,,か
燃える,ガムテープ,,か
燃えない,カメラ,,か
燃えない,カメラのレンズ,,か
古紙・古衣類,画用紙,,か
燃えない,ガラス,,か
燃える,ガラス撥水コート容器,,か
燃えない,軽石,,か
古紙・古衣類,カレンダー,,か
燃える,革靴,,か
燃える,革ジャンパー,,か
燃える,革製品（かばん・靴・財布等）,,か
燃える,皮手袋,,か
燃えない,皮むき,,か
燃えない,瓦,,か
カン,缶（アイロン用のり容器　スプレー）,,か
カン,缶（育毛剤容器　スプレー）,,か
カン,缶（薄め液容器）,,か
カン,缶（エアゾール）,,か
カン,缶（オイル缶　４㍑以下）,,か
燃えない,缶（オイル缶　４㍑超）,,か
カン,缶（菓子の缶）,,か
燃えない,缶（菓子の缶）,,か
カン,缶（ガスカートリッジ）,,か
燃えない,缶（ガソリン携行缶）,,か
カン,缶（缶詰）,,か
カン,缶（薬の容器）,,か
カン,缶（毛染め容器）,,か
カン,缶（粉ミルク容器）,,か
カン,缶（殺虫剤容器　スプレー）,,か
カン,缶（サラダオイル容器）,,か
カン,缶（消臭スプレー）,,か
カン,缶（食用油容器）,,か
カン,缶（スプレー缶）,,か
カン,缶（スプレー式消火器）,,か
カン,缶（整髪料容器　スプレー）,,か
カン,缶（タイヤワックス容器　スプレー）,,か
カン,缶（茶筒）,,か
カン,缶（塗料容器　４㍑以下）,,か
燃えない,缶（塗料容器　４㍑超）,,か
カン,缶（塗料容器　スプレー）,,か
カン,缶（入浴剤容器）,,か
カン,缶（ヒゲそり用ムース容器）,,か
カン,缶（ヘアスプレー）,,か
カン,缶（ペットフード容器）,,か
カン,缶（ペンキ容器　４㍑以下）,,か
燃えない,缶（ペンキ容器　４㍑超）,,か
カン,缶（芳香剤容器　スプレー）,,か
カン,缶（防水スプレー）,,か
カン,缶（ミルク缶）,,か
カン,缶（ムース　スプレー）,,か
カン,缶（焼き海苔容器）,,か
カン,缶（ライター用オイル缶）,,か
カン,缶（ライター用ガス缶）,,か
カン,缶（ワックス容器）,,か
燃えない,換気扇,,か
燃える,換気扇フィルター,,か
燃えない,缶切り,,か
燃えない,乾燥機（食器）,,か
燃えない,乾燥機（布団）,,か
燃える,乾燥剤,,か
燃える,感熱紙,,か
燃えない,キーホルダー,,き
燃える,ギターケース,,き
燃える,キッチンタオル,,き
燃える,キッチンペーパー,,き
特殊・硬質,キネ（杵）,,き
燃える,木の板,長さ４０㎝厚さ８㎝以下のもの又ははその寸法に切ったもの,き
燃える,木箱,縦、横、高さの合計が１ｍ以下又は重さ１０㎏以下のもの,き
燃える,木べら,,き
燃える,着物,,き
燃えない,キャスター,,き
燃えない,脚立,高さ１ｍ以下のもの,き
燃える,キャッシュカード,,き
燃えない,キャップ（金属製）,,き
燃える,キャップ（プラスチック製）,,き
燃えない,急須,,き
燃えない,給湯器（台所用）,,き
古紙・古衣類,牛乳・ジュースパック,（紙パック）なるべく販売店へ　,き
燃える,吸盤,,き
燃えない,給油ポンプ,,き
燃えない,霧吹き（金属製）,,き
燃える,霧吹き（金属製以外）,,き
燃える,禁煙用パイプ,,き
燃えない,金魚鉢（水槽）,縦、横、高さの合計が１ｍ以下又は重さ１０㎏以下のもの,き
燃えない,金庫（家庭用：手さげ）,,き
燃える,巾着,金具は取り外して「燃やせないごみ」へ,き
燃えない,空気入れ（自転車用）,,く
燃える,空気清浄機のフィルター,,く
燃えない,クーラーボックス,縦、横、高さの合計が１ｍ以下又は重さ１０㎏以下のもの,く
燃えない,釘,,く
燃える,草,少量に限る（２～３袋程度）,く
特殊・硬質,くさり（金属製）,,く
燃えない,くさり（金属製以外）,,く
燃える,くし（木・竹製）,,く
燃えない,くし（木・竹製以外）,,く
燃える,くず取りネット,,く
燃える,薬（錠剤・カプセルなど）,,く
燃えない,果物ナイフ,,く
燃える,果物ネット,,く
燃えない,口紅の容器（金属製）,,く
燃える,口紅の容器（プラスチック製）,,く
燃える,靴,,く
燃える,靴中敷き,,く
燃えない,クッキングタイマー,,く
燃えない,クッキングヒーター,コードは切って「硬質ごみ」へ,く
燃える,クッキングペーパー,,く
燃える,靴下,,く
燃える,クッション,４０㎝角以下のもの又はその寸法に切ったもの,く
燃えない,靴墨容器,中身を使い切る,く
燃えない,靴用クリーム容器,中身を使い切る,く
燃える,首輪,金具は取って「燃やせないごみ」へ,く
燃える,熊手（木・竹製）,長さ４０㎝以下のもの又はその寸法に切ったもの,く
燃えない,熊手（木・竹製以外）,長さ１ｍ以下のもの又はその寸法に切ったもの,く
燃えない,グラス（食器）,,く
燃える,グラスウール,量が多い場合は断る,く
燃えない,クランプ,,く
燃える,クリアファイル,,く
燃えない,クリスマスツリー,縦、横、高さの合計が１ｍ以下又は重さ１０㎏以下のもの,く
燃えない,クリップ,,く
燃えない,グリル,コードは切って「硬質ごみ」へ,く
燃える,クレジットカード,,く
燃える,クレヨン,,く
燃える,クレンザー容器,中身を使い切る,く
燃えない,グロー球,,く
燃える,グローブ,,く
燃える,クロス,,く
特殊・硬質,クワ（鍬）,,く
燃える,軍手,,く
特殊・硬質,草刈機の歯,,く
特殊・硬質,蛍光灯（蛍光管）,,け
燃えない,蛍光ペン,,け
燃えない,携帯ゲーム機,,け
燃えない,携帯用発電機,,け
燃える,毛糸,,け
燃えない,計量カップ（金属・プラスチック製）,,け
燃えない,ケース類,縦、横、高さの合計が１ｍ以下又は重さ１０㎏以下のもの,け
特殊・硬質,ケーブル,,け
燃えない,ゲームソフト,,け
燃える,消しゴム,,け
燃えない,化粧品容器（コンパクト）,中身を使い切る,け
燃えない,化粧品容器（除光液ビン）,中身を使い切る,け
燃えない,化粧品容器（乳液・化粧水ビン）,中身を使い切る,け
燃えない,化粧品容器（マニキュア）,中身を使い切る,け
燃える,毛染め容器（プラスチック）,中身を使い切る,け
燃えない,血圧計,コードは切って「硬質ごみ」へ,け
燃えない,ケトル（やかん）,,け
燃えない,毛抜き,,け
燃える,けん引ロープ（ワイヤー以外）,長さ１ｍ以下のもの又はその寸法に切ったもの,け
特殊・硬質,けん引ロープ（ワイヤー）,,け
燃える,玄関マット,４０㎝角以下のもの又はその寸法に切ったもの,け
燃えない,健康器具（足踏み健康器具）,,け
特殊・硬質,剣山,,け
燃える,研磨剤容器（紙製・プラスチック製）,中身を使い切る,こ
燃えない,研磨剤容器（その他）,中身を使い切る,こ
燃えない,碁石,,こ
燃える,鯉のぼり,長さ１ｍ以下のもの又はその寸法に切ったもの,こ
燃えない,工具箱（金属・プラスチック製）,,こ
特殊・硬質,工具類（斧）,,こ
特殊・硬質,工具類（カナヅチ・ハンマー）,,こ
燃えない,工具類（カンナ）,,こ
燃えない,工具類（キリ）,,こ
特殊・硬質,工具類（釘抜き・バール）,,こ
燃えない,工具類（スパナ）,,こ
燃えない,工具類（ドライバー）,,こ
特殊・硬質,工具類（ナタ）,,こ
燃えない,工具類（ニッパー）,,こ
燃えない,工具類（ノギス）,,こ
燃えない,工具類（ノコギリ）,,こ
燃えない,工具類（ノミ）,,こ
燃えない,工具類（プライヤー）,,こ
燃えない,工具類（ペンチ）,,こ
燃えない,工具類（モンキー）,,こ
燃えない,工具類（ヤスリ）,,こ
燃えない,工具類（レンチ）,,こ
燃える,口中清涼剤容器,中身を使い切る,こ
燃えない,コーキングガン,,こ
燃える,コーキング剤容器,中身を使い切る,こ
燃える,ゴーグル,,こ
燃える,コート,,こ
特殊・硬質,コード,,こ
特殊・硬質,コードリール,,こ
燃えない,コーヒーメーカー,コードは切って「硬質ごみ」へ,こ
燃えない,氷割り（アイスピック）,,こ
燃える,黒板消し,,こ
燃える,固形燃料,,こ
燃える,固形のり,,こ
燃える,ござ,長さ１ｍ以下のもの又はその寸法に切ったもの,こ
燃えない,こし器,,こ
燃えない,コショウ入れ,,こ
燃える,コットン,,こ
燃えない,コップ,,こ
燃えない,コップ洗い（ブラシ）,,こ
燃えない,コップ掛け,,こ
燃えない,コッヘル（キャンプ用食器）,,こ
燃えない,コネクタ,コードは切って「硬質ごみ」へ,こ
燃える,碁盤（木製）,厚さ８㎝以下のもの,こ
古紙・古衣類,コミック雑誌,（その他の紙）,こ
燃える,ごみ取りネット,,こ
燃えない,ごみ取りネット（金アミ製）,,こ
燃える,ごみ箱（木製）,縦、横、高さの合計が１ｍ以下又は重さ１０㎏以下のもの,こ
燃えない,ごみ箱（木製以外）,縦、横、高さの合計が１ｍ以下又は重さ１０㎏以下のもの,こ
燃える,ゴム,,こ
燃える,ゴムパイプ,長さ１ｍ以下のもの又はその寸法に切ったもの,こ
燃える,ゴムひも,,こ
燃える,ゴムホース,長さ１ｍ以下のもの又はその寸法に切ったもの,こ
燃える,ゴムボート,空気を抜いて,こ
燃える,ゴムマット,４０㎝角以下のもの又はその寸法に切ったもの,こ
燃える,ゴム手袋,,こ
燃えない,米びつ,縦、横、高さの合計が１ｍ以下又は重さ１０㎏以下のもの,こ
燃える,コルク,,こ
燃えない,コルク抜き,,こ
燃える,コルクボード,４０㎝角以下のもの又はその寸法に切ったもの,こ
特殊・硬質,ゴルフクラブ,,こ
特殊・硬質,コンクリートブロック,少量に限る,こ
燃えない,混合栓,,こ
燃えない,コンセント,コードは切って「硬質ごみ」へ,こ
燃える,コンタクトレンズ,,こ
燃えない,コンテナ,縦、横、高さの合計が１ｍ以下又は重さ１０㎏以下のもの,こ
燃える,コンドーム,,こ
燃える,コンパウンド容器（プラスチック製）,中身を使い切る,こ
燃えない,コンパウンド容器（プラスチック製以外）,中身を使い切る,こ
燃えない,コンパス,,こ
燃えない,コンベックス,,こ
燃えない,コンポ,縦、横、高さの合計が１ｍ以下又は重さ１０㎏以下のもの　コードは切って「硬質ごみ」へ,こ
燃える,梱包用発泡スチロール,,こ
燃えない,コンロ,,こ
燃える,座イス（木・竹製）,,さ
燃えない,座イス（木・竹製以外）,,さ
燃える,財布,,さ
燃える,材木（建築廃材は除く）,長さ４０㎝厚さ８㎝以下のもの又はその寸法に切ったもの,さ
燃える,杯（木製）,,さ
燃えない,杯（その他）,,さ
燃える,作業服,,さ
燃える,酒パック,,さ
古紙・古衣類,雑誌,（その他の紙）,さ
燃える,殺虫剤容器（プラスチック製）,中身を使い切る,さ
燃える,ざぶとん,４０㎝角以下のもの又はその寸法に切ったもの,さ
燃える,サポーター,,さ
燃えない,皿（紙皿以外）,,さ
燃える,サラダオイル容器（缶以外）,中身を使い切る,さ
燃えない,ザル（金属・プラスチック製）,,さ
燃える,ザル（金属・プラスチック製以外）,,さ
燃えない,三角コーナー,,さ
燃えない,三脚,,さ
燃えない,サングラス,,さ
燃える,サンダル,,さ
燃える,サンドペーパー,,さ
燃えない,三輪車（子供用）,,さ
燃えない,ＣＳアンテナ,コードは切って「硬質ごみ」へ,し
燃えない,ＣＳチューナー,コードは切って「硬質ごみ」へ,し
燃える,シーツ,長さ１ｍ以下のもの又はその寸法に切ったもの,し
燃えない,ＣＤ,,し
燃えない,ＣＤプレーヤー,コードは切って「硬質ごみ」へ,し
燃える,シートカバー,長さ１ｍ以下のもの又はその寸法に切ったもの,し
燃える,ジーンズ,,し
燃えない,シェーバー,,し
燃える,紙管,少量に限る,し
燃える,磁気カード,,し
燃えない,磁石,,し
古紙・古衣類,辞書,（その他の紙）,し
燃える,下着,,し
燃えない,七輪,,し
燃えない,湿度計,,し
燃えない,室内アンテナ,コードは切って「硬質ごみ」へ,し
燃える,湿布,,し
古紙・古衣類,辞典,（その他の紙）,し
燃える,竹刀,長さ４０㎝以下に切ったもの,し
燃える,芝,少量に限る,し
特殊・硬質,芝刈機替え刃,,し
燃える,ジャージ,,し
燃えない,シャープペンシル,,し
燃えない,蛇口,,し
燃える,尺八,,し
燃える,ジャケット,,し
燃える,写真,,し
燃える,写真のネガ,,し
燃える,写真フィルムのケース,,し
燃える,シャツ,,し
特殊・硬質,ジャッキ,,し
燃える,シャトル（バドミントンの羽）,,し
燃えない,シャベル,,し
燃える,三味線,,し
燃える,しゃもじ（木製）,,し
燃えない,しゃもじ（木製以外）,,し
燃えない,ジャングルジム（子供用遊具）,解体して,し
燃えない,シャンデリア,,し
燃える,ジャンパー,,し
燃える,シャンプー容器,中身を使い切る,し
燃えない,ジューサー,,し
燃える,修正液容器（ビン以外）,中身を使い切る,し
燃える,住宅用洗剤容器,中身を使い切る,し
燃える,じゅうたん,４０㎝角以下のもの又はその寸法に切ったもの,し
燃えない,充電器,コードは切って「硬質ごみ」へ,し
燃える,柔軟剤容器,中身を使い切る,し
燃える,重箱（木製）,,し
燃えない,重箱（木製以外）,,し
燃える,数珠（じゅず木製）,,し
燃えない,数珠（じゅず木製以外）,,し
燃える,シュレッダーくず（紙）,中身が見える袋で,し
燃える,背負子（木・竹製）,,し
燃えない,背負子（木・竹製以外）,,し
燃える,定規（木・竹製）,,し
燃えない,定規（木・竹製以外）,,し
燃える,将棋盤（木製　厚さ８ｃｍ以下）,,し
特殊・硬質,将棋盤（木製　厚さ８ｃｍ超）,,し
燃えない,将棋盤（木製以外）,,し
燃える,障子,４０㎝角以下のもの又はその寸法に切ったもの,し
燃える,消臭剤容器,,し
燃えない,浄水器,,し
燃えない,錠前,,し
燃えない,照明器具,蛍光管は取り外して コードは切って「硬質ごみ」へ　縦、横、高さの合計が１ｍ以下又は重さ１０㎏以下のもの,し
燃えない,照明スタンド,蛍光管は取り外して コードは切って「硬質ごみ」へ　縦、横、高さの合計が１ｍ以下又は重さ１０㎏以下のも,し
燃えない,ジョウロ,,し
燃える,食用油容器（缶以外）,中身を使い切る,し
燃える,除湿剤,,し
燃える,除草剤容器,中身を使い切る,し
燃えない,食器乾燥機,縦、横、高さの合計が１ｍ以下又は重さ１０㎏以下のもの　コードは切って「硬質ごみ」へ,し
燃えない,食器ケース,,し
燃える,人工芝,４０㎝角以下のもの又はその寸法に切ったもの,し
古紙・古衣類,新聞紙,（新聞紙）チラシは（その他の紙）へ,し
燃える,甚平,,し
燃えない,水温計,水銀式は「特殊ごみ」へ,す
燃える,炊事手袋,,す
燃えない,水槽,縦、横、高さの合計が１ｍ以下又は重さ１０㎏以下のもの,す
燃えない,水槽用石、砂,,す
燃えない,水槽用ポンプ,コードは切って「硬質ごみ」へ,す
燃えない,水中メガネ,,す
燃えない,スイッチ類,,す
燃えない,水筒,,す
燃えない,水道管（塩ビ製）,少量に限る　長さ１ｍ以下のもの又はその寸法に切ったもの,す
特殊・硬質,水道管（金属製）,少量に限る　長さ１ｍ以下のもの又はその寸法に切ったもの,す
燃えない,炊飯器,コードは切って「硬質ごみ」へ,す
燃えない,水平器,,す
燃えない,スーツケース,縦、横、高さの合計が１ｍ以下又は重さ１０㎏以下のもの,す
燃える,スカート,,す
燃える,スカーフ,,す
古紙・古衣類,図鑑,（その他の紙）,す
燃えない,スキー板,長さが１ｍ以下のもの,す
燃える,スキーウェア,,す
燃えない,スキーキャリア,縦、横、高さの合計が１ｍ以下又は重さ１０㎏以下のもの,す
燃える,スキーケース,金具は取り外して「燃やせないごみ」へ,す
燃えない,スキーストック,,す
燃えない,スキーブーツ,,す
燃える,すき間テープ,,す
燃えない,スケート靴,,す
燃えない,スケール（コンベックス）,,す
燃えない,スケール（プラスチック）,,す
燃えない,スコップ,,す
燃える,寿司おけ（木・竹製）,,す
燃えない,寿司おけ（木・竹製以外）,,す
燃える,すし巻き（巻きす）,,す
燃えない,すずり,,す
燃える,すだれ（木・竹製）,,す
燃えない,すだれ（木・竹製以外）,,す
燃えない,スタンド（卓上電気スタンド）,コードは切って「硬質ごみ」へ,す
燃えない,スタンプ台,,す
特殊・硬質,スチールホイール（タイヤは除く）,,す
燃える,ズック（スニーカー）,,す
燃える,ステッカー,,す
燃えない,ストーブ,灯油を抜く　コードは切って「硬質ごみ」へ,す
燃えない,ストーブガード,,す
燃えない,ストーブ台,,す
燃える,ストッキング,,す
燃えない,ストック（登山用）,,す
燃える,ストロー,,す
燃える,スニーカー,,す
燃えない,スノースコップ,,す
燃える,すのこ（木・竹製）,４０㎝角以下のもの又はその寸法に切ったもの,す
燃えない,すのこ（木・竹製以外）,１ｍ角以下のもの又はその寸法に切ったもの,す
燃えない,スノッパー,,す
燃える,スパイクシューズ,,す
燃える,巣箱（木製）,,す
燃えない,巣箱（木製以外）,,す
燃える,スパッツ,,す
燃えない,スピーカー,縦、横、高さの合計が１ｍ以下又は重さ１０㎏以下のもの　コードは切って「硬質ごみ」へ,す
燃えない,スプーン,,す
燃えない,スプリンクラー,,す
燃える,スポーツシューズ,,す
燃える,スポーツバッグ,,す
燃える,ズボン,,す
燃える,スポンジ,,す
燃える,スポンジマット（寝具）,４０㎝角以下のもの又はその寸法に切ったもの,す
燃えない,ズボンプレッサー,コードは切って「硬質ごみ」へ,す
燃えない,炭焼きコンロ,,す
燃えない,スライサー,,す
燃える,すりこぎ棒,,す
燃える,スリッパ,,す
燃えない,すり鉢,,す
燃える,生花,,せ
燃えない,製氷皿,,せ
燃える,生理用ナプキン,,せ
燃える,せいろ（木・竹製）,,せ
燃えない,せいろ（木・竹製以外）,,せ
燃える,セーター,,せ
燃える,セーム皮,,せ
燃える,石けん,,せ
古紙・古衣類,石けん箱（紙箱）,（その他の紙）,せ
燃えない,石膏,,せ
燃えない,石膏ボード,少量に限る,せ
燃えない,接着剤容器（金属製）,中身を使い切る,せ
燃える,接着剤容器（金属製以外）,中身を使い切る,せ
燃えない,せともの類,,せ
燃える,セロハン,,せ
燃える,セロハンテープ,,せ
燃えない,栓,,せ
燃える,洗顔料容器（ラミネートチューブ製）,中身を使い切る,せ
燃えない,洗顔料容器（ラミネートチューブ製以外）,中身を使い切る,せ
燃える,線香,,せ
燃える,洗剤容器,中身を使い切る,せ
燃えない,洗車ブラシ,,せ
燃える,洗浄綿,,せ
燃える,扇子,,せ
燃えない,洗濯かご,,せ
燃える,洗濯ネット,,せ
燃えない,洗濯ばさみ,,せ
燃える,洗濯用粉石けん箱,,せ
燃える,剪定枝,少量に限る　長さ４０㎝太さ８㎝以下のもの又ははその寸法に切ったもの,せ
燃えない,剪定バサミ,,せ
燃えない,栓抜き,,せ
燃えない,扇風機,コードは切って「硬質ごみ」へ,せ
燃えない,洗面器,,せ
燃える,造花,,そ
燃えない,双眼鏡,,そ
燃える,雑巾,,そ
燃えない,掃除機,コードは切って「硬質ごみ」へ,そ
燃える,掃除機用ごみパック,,そ
燃える,ぞうり,,そ
燃えない,ソケット,コードは切って「硬質ごみ」へ,そ
燃えない,そり,,そ
燃える,そろばん,,そ
特殊・硬質,体温計（水銀式）,,た
燃えない,体温計（デジタル式）,,た
燃えない,太鼓,縦、横、高さの合計が１ｍ以下又は重さ１０㎏以下のもの,た
燃えない,体脂肪計,,た
燃えない,台車,縦、横、高さの合計が１ｍ以下又は重さ１０㎏以下のもの,た
燃えない,体重計（家庭用）,,た
燃えない,大正琴,コードは切って「硬質ごみ」へ,た
燃える,タイツ,,た
燃える,台所マット,４０㎝角以下のもの又はその寸法に切ったもの,た
燃えない,耐熱食器（ガラス含む）,,た
燃えない,タイプライター,,た
燃えない,タイマー,,た
特殊・硬質,タイヤチェーン（金属製）,,た
燃えない,タイヤチェーン（金属性以外）,,た
燃えない,タイル,少量に限る　１袋（４５㍑）までのもの,た
燃える,ダウン,,た
燃える,タオル,,た
燃えない,タオル掛け,,た
燃える,タオルケット,長さ１ｍ以下のもの又はその寸法に切ったもの,た
燃える,竹ぐし,,た
燃える,竹ほうき,長さ４０㎝以下に切ったもの,た
燃える,脱衣かご（木・竹製）,,た
燃えない,脱衣かご（木・竹製以外）,,た
燃える,脱酸素剤（菓子などに入っているもの）,,た
燃える,脱脂綿,,た
燃える,脱臭剤（容器含む）,,た
燃える,タッパー,,た
燃えない,楯,,た
燃える,棚（ラック）（木製）,縦、横、高さの合計が１ｍ以下又は重さ１０㎏以下のもの,た
燃えない,棚（ラック）（木製以外）,縦、横、高さの合計が１ｍ以下又は重さ１０㎏以下のもの,た
古紙・古衣類,タバコの空き箱（外箱）,（その他の紙）,た
燃える,タバコの空き箱（フィルム・アルミ紙）,,た
燃える,タバコの吸い殻,,た
燃える,たばこ用パイプフィルター,,た
燃える,足袋,,た
燃える,タフロープ,長さ１ｍ以下のもの又はその寸法に切ったもの,た
燃える,たも網,金具は取り外して「燃やせないごみ」へ,た
燃える,たも網の柄（竹製）,長さ４０㎝以下のもの又はその寸法に切ったもの,た
燃えない,たも網の柄（竹製以外）,長さ１ｍ以下のもの又はその寸法に切ったもの,た
燃えない,たまごきり,,た
燃える,卵の殻,,た
燃える,卵パック,,た
燃える,たまねぎ袋（ネット）,,た
燃える,タライ（木・竹製）,,た
燃えない,タライ（木・竹製以外）,,た
燃えない,たわし,,た
古紙・古衣類,単行本,（その他の紙）,た
燃える,タンスシート,,た
特殊・硬質,ダンベル,,た
古紙・古衣類,ダンボール,（ダンボール）金具、テープ類は取る,た
燃える,タンポン,,た
燃える,反物,長さ１ｍ以下のもの又はその寸法以下に切ったもの,た
特殊・硬質,チェーン（金属製）,,ち
燃えない,チェーン（金属製以外）,,ち
燃える,チェスト（木・竹製）,縦、横、高さの合計が１ｍ以下又は重さ１０㎏以下のもの,ち
燃えない,地球儀,,ち
燃えない,チャイム,,ち
燃えない,茶こし,,ち
燃えない,茶筒（プラスチック製）,,ち
燃えない,茶碗,,ち
燃えない,中華鍋,,ち
燃える,チューブ（自転車用）,長さ１ｍ以下のもの又はその寸法に切ったもの,ち
燃えない,彫刻刀,,ち
燃える,提灯,金具は取り外して「燃やせないごみ」へ,ち
燃えない,蝶番,,ち
燃える,調味料容器（木・竹製）,,ち
燃えない,調味料容器（木・竹製以外）,,ち
燃えない,調味料ケース,,ち
燃えない,調味料台,,ち
燃える,チョーク,,ち
燃える,チョッキ,,ち
古紙・古衣類,チラシ（新聞折り込み）,（その他の紙）,ち
燃えない,ちり取り,,ち
特殊・硬質,チップソー,,ち
燃える,つえ（木・竹製）,長さ４０㎝以下のもの又はその寸法に切ったもの,つ
燃えない,つえ（木製以外）,長さ１ｍ以下のもの又はその寸法以下に切ったもの,つ
燃える,使い捨てカイロ,,つ
燃えない,使い捨てライター,中身を使い切る,つ
燃える,つけ毛,,つ
特殊・硬質,漬物石,,つ
燃えない,漬物樽,縦、横、高さの合計が１ｍ以下又は重さ１０㎏以下のもの,つ
燃える,漬物袋,,つ
燃えない,つっぱり棚,長さ１ｍ以下のもの又はその寸法以下に切ったもの,つ
燃えない,つっぱり棒,長さ１ｍ以下のもの又はその寸法以下に切ったもの,つ
燃える,ツナギ,,つ
燃えない,壺,,つ
燃える,つまようじ,,つ
燃える,積み木（木製）,,つ
燃えない,積み木（プラスチック）,,つ
燃えない,爪切り,,つ
燃える,釣り糸,,つ
燃える,釣り竿（竹製）,長さ４０㎝以下のもの又はその寸法に切ったもの,つ
燃えない,釣り竿（その他）,長さ１ｍ以下のもの又はその寸法に切ったもの,つ
特殊・硬質,つるはし,,つ
燃える,ティー（ゴルフ用）,,て
燃える,ティーパック,,て
燃えない,Ｔ字カミソリ,,て
古紙・古衣類,ティッシュ箱,（その他の紙）ビニール類は取り除く,て
燃える,ティッシュペーパー,,て
燃える,デイバッグ,,て
燃えない,ＤＶＤディスク,,て
燃えない,ＤＶＤプレーヤー,コードは切って「硬質ごみ」へ,て
燃える,テープ（紙）,,て
燃えない,テープカッター,,て
燃える,テーブルクロス,１ｍ角以下のもの又はその寸法以下に切ったもの　金具は「燃やせないごみ」へ,て
燃えない,テーブルタップ,コードは切って「硬質ごみ」へ,て
燃えない,テープレコーダー,コードは切って「硬質ごみ」へ,て
燃えない,手鏡,,て
燃えない,テスター,,て
古紙・古衣類,手帳,（その他の紙）ビニールカバーは外して,て
特殊・硬質,鉄アレイ,,て
燃える,手袋,,て
燃えない,テレビゲーム機,コードは切って「硬質ごみ」へ,て
燃える,テレビ台（木製）,縦、横、高さの合計が１ｍ以下又は重さ１０㎏以下のもの,て
燃えない,テレビ台（木製以外）,縦、横、高さの合計が１ｍ以下又は重さ１０㎏以下のもの,て
燃える,テレホンカード,,て
燃えない,電気あんか,コードは切って「硬質ごみ」へ,て
燃えない,電気釜,コードは切って「硬質ごみ」へ,て
燃えない,電気カミソリ,コードは切って「硬質ごみ」へ,て
特殊・硬質,電気コード,,て
燃えない,電気コンロ,コードは切って「硬質ごみ」へ,て
燃えない,電気ストーブ,コードは切って「硬質ごみ」へ,て
燃えない,電気ヒゲ剃り,コードは切って「硬質ごみ」へ,て
燃えない,電気ポット,コードは切って「硬質ごみ」へ,て
燃えない,電球,,て
燃えない,電源アダプター,コードは切って「硬質ごみ」へ,て
燃えない,電磁調理器（家庭用）,コードは切って「硬質ごみ」へ,て
燃えない,電子レンジ,コードは切って「硬質ごみ」へ,て
燃えない,電卓,,て
特殊・硬質,電池（アルカリ乾電池）,一次電池（乾電池）,て
特殊・硬質,電池（マンガン乾電池）,一次電池（使い捨て電池）,て
特殊・硬質,電池（リチウム電池）,一次電池（使い捨て電池）,て
燃える,テント（キャンプ、登山用）,１ｍ角以下のもの又はその寸法以下に切ったもの　金具は「燃やせないごみ」へ,て
特殊・硬質,電動工具（カンナ）,,て
特殊・硬質,電動工具（サンダー）,,て
特殊・硬質,電動工具（ドリル）,,て
燃えない,電動歯ブラシ,コードは切って「硬質ごみ」へ,て
燃えない,天ぷらガード,,て
燃えない,天ぷらなべ,,て
燃えない,電話機,コードは切って「硬質ごみ」へ,て
燃える,電話台（木・竹製）,縦、横、高さの合計が１ｍ以下又は重さ１０㎏以下のもの,て
燃えない,電話台（木・竹製以外）,縦、横、高さの合計が１ｍ以下又は重さ１０㎏以下のもの,て
古紙・古衣類,電話帳,（その他の紙）,て
燃えない,ドアノブ,,と
燃える,投網,１ｍ角以下のもの又はその寸法以下に切ったもの　金具は「燃やせないごみ」へ,と
燃えない,砥石,,と
燃えない,トイレブラシ,,と
燃えない,投光器,コードは切って「硬質ごみ」へ,と
燃えない,陶磁器類,,と
燃える,透析バック,針は医療機関へ,と
燃えない,トースター,コードは切って「硬質ごみ」へ,と
燃えない,トーチ,,と
燃えない,時計,,と
燃えない,トタン,長さ１ｍ以下のもの又はその寸法に切ったもの,と
燃えない,とっくり,,と
燃えない,土鍋,,と
燃える,土のう袋,中の土は取り除く,と
燃えない,土瓶,,と
特殊・硬質,ドライバー（ゴルフクラブ）,,と
燃えない,ドライヤー,コードは切って「硬質ごみ」へ,と
燃える,トランクス,,と
燃えない,トランシーバー,,と
燃えない,ドリッパー,,と
燃える,ドリップ用フィルタ,,と
燃えない,ドリルの刃,太さ１０㎜以下のもの　１０㎜以上は「硬質ごみ」へ,と
燃えない,トレイ（金属製）,,と
燃える,トレイ（発泡・プラ製）,発泡トレイはなるべく販売店へ,と
燃える,トレーナー,,と
燃える,ドレッシング容器（その他）,中身を使い切る,と
燃えない,トロフィー,,と
燃えない,ドンブリ,,と
燃えない,ナイフ,,な
燃える,苗用ポット,,な
燃える,長靴,,な
燃えない,ナット,,な
燃える,ナップサック,,な
燃える,ナプキン,,な
燃える,名札,,な
燃えない,鍋,,な
燃える,鍋敷き（木・竹・布製）,,な
燃えない,鍋敷き（木・竹・布製以外）,,な
燃える,鍋つかみ,,な
燃える,生ゴミ,,な
燃えない,生ゴミ処理機,縦、横、高さの合計が１ｍ以下又は重さ１０㎏以下のもの　コードは切って「硬質ごみ」へ,な
燃えない,波トタン,長さ１ｍ以下のもの又はその寸法に切ったもの,な
燃える,縄（ワラ）,,な
燃える,縄跳び紐,,な
燃えない,南京錠,,な
燃えない,ニス容器,中身を使い切る,に
燃える,入浴剤容器（缶以外）,中身を使い切る,に
燃える,人形（ぬいぐるみ等）,長さ４０㎝以下のもの又はその寸法に切ったもの,に
燃えない,人形（せともの）,,に
燃える,人形ケース（木製）,ガラスは外して,に
燃えない,人形ケース（木製以外）,ガラスは外して,に
燃える,布きれ,,ぬ
燃える,ネクタイ,,ね
燃えない,ネジ,,ね
燃えない,ネズミ捕カゴ,,ね
燃える,ネズミ捕シート,,ね
燃える,ネット（布製）,１ｍ角以下のもの又はその寸法に切ったもの,ね
燃えない,ネット（金属製）,１ｍ角以下のもの又はその寸法に切ったもの,ね
燃える,ネット（水切り用）,,ね
燃える,寝袋,,ね
燃える,練りわさび容器,,ね
燃える,粘土,,ね
古紙・古衣類,ノート,（その他の紙）,の
燃える,のり（接着剤）容器,,の
燃える,海苔（焼き海苔容器　缶・ビン以外）,,の
燃える,のれん,,の
燃えない,バーベキューコンロ,,は
燃える,灰,少量に限る,は
燃えない,灰皿,,は
特殊・硬質,パイプ（金属製）,少量に限る　長さ１ｍ以下のもの又はその寸法に切ったもの,は
燃えない,パイプ（金属製以外）,少量に限る　長さ１ｍ以下のもの又はその寸法に切ったもの,は
燃えない,パイプイス,,は
燃える,パイプ洗浄剤容器,中身を使い切る,は
燃える,パイプ断熱材,少量に限る　長さ１ｍ以下のもの又はその寸法に切ったもの,は
燃えない,バインダー,,は
燃えない,ハエたたき,,は
古紙・古衣類,はがき,（その他の紙）,は
燃えない,はがき印刷機,コードは切って「硬質ごみ」へ,は
燃えない,はかり,,は
燃えない,剥製,,は
燃えない,白熱球,,は
燃える,ハケ,,は
燃えない,バケツ,,は
燃えない,ハサミ,,は
燃えない,箸（金属製）,,は
燃える,箸（金属製以外）,,は
燃える,箸立て（木・竹製）,,は
燃えない,箸立て（木・竹製以外）,,は
燃える,箸箱（木・竹製）,,は
燃えない,箸箱（木・竹製以外）,,は
燃える,パジャマ,,は
燃える,バスケット（木・竹製）,,は
燃えない,バスケット（木・竹製以外）,,は
燃える,バスタオル,,は
燃える,バスマット（足拭き）,長さ４０㎝以下のもの又はその寸法に切ったもの,は
燃える,パズル（ジクソー）,,は
燃える,バターケース,,は
燃える,はたき,,は
燃えない,鉢,,は
燃える,発煙筒,使用済みに限る,は
燃える,バッテリー補充液容器,中身を使い切る,は
燃える,パット,,は
燃えない,バット（調理用）,,は
燃える,バット野球用（木製）,長さ４０㎝以下に切ったもの,は
燃えない,バット野球用（木製以外）,,は
燃える,はっぴ,,は
燃える,発泡スチロール,,は
燃える,鼻紙,,は
燃える,花火,使用済みに限る,は
燃えない,パネルヒーター,縦、横、高さの合計が１ｍ以下又は重さ１０㎏以下のもの　コードは切って「硬質ごみ」へ,は
燃える,パフ,,は
燃えない,歯ブラシ,,は
燃える,歯磨き剤容器,中身を使い切る,は
燃える,バラン,,は
燃えない,針,,は
燃えない,針金,長さ１ｍ以下のもの又はその寸法に切ったもの,は
燃えない,ハロゲンヒーター,コードは切って「硬質ごみ」へ,は
燃えない,ハンガー,,は
燃えない,ハンガーボード,,は
燃える,ハンカチ,,は
燃えない,パンケース,,は
燃える,はんこ,,は
燃えない,飯ごう,,は
燃えない,ハンダ,,は
燃えない,ハンダゴテ,コードは切って「硬質ごみ」へ,は
燃えない,パンチ（穴あけ器）,,は
燃える,パンツ,,は
燃える,はんてん,,は
燃える,バンド,金具は「燃やせないごみ」へ,は
燃える,ハンドクリーム容器（ラミネート）,中身を使い切る,は
燃えない,ハンドクリーム容器（ラミネート以外）,中身を使い切る,は
燃えない,ハンドモップ,,は
燃える,ハンドルカバー,,は
燃える,パンプス,,は
燃えない,パン焼機（家庭用）,コードは切って「硬質ごみ」へ,は
燃えない,ピアニカ,,ひ
特殊・硬質,ピアノ線,,ひ
燃えない,BS(CS)アンテナ,コードは切って「硬質ごみ」へ,ひ
燃えない,BS(CS)チューナー,コードは切って「硬質ごみ」へ,ひ
燃える,ビーチサンダル,,ひ
燃えない,ビーチパラソル,,ひ
燃えない,ビールびんのふた,,ひ
燃えない,ひげ剃り,,ひ
燃える,ひしゃく（木・竹製）,,ひ
燃えない,ひしゃく（木・竹製以外）,,ひ
燃えない,ビデオカメラ,,ひ
燃えない,ビデオテープ,,ひ
燃えない,ビデオデッキ,コードは切って「硬質ごみ」へ,ひ
燃える,ビニールシート,１ｍ角以下のもの又はその寸法に切ったもの,ひ
燃える,ビニールテープ,,ひ
燃える,ビニール手袋,,ひ
燃える,ビニール袋,,ひ
燃える,ビニールロープ,長さ１ｍ以下のもの又はその寸法に切ったもの,ひ
燃えない,火バサミ,,ひ
燃えない,火箸,,ひ
燃えない,火鉢,縦、横、高さの合計が１ｍ以下又は重さ１０㎏以下のもの,ひ
燃える,ひも（ビニール系以外）,長さ１ｍ以下のもの又はその寸法に切ったもの,ひ
燃えない,ヒューズ,,ひ
燃える,漂白剤容器,中身を使い切る,ひ
ビン,ビン（油ビン）,中身を使い切る,ひ
燃えない,ビン（育毛剤容器）,中身を使い切る,ひ
ビン,ビン（一升ビン　酒ビン以外）,なるべく販売店へ,ひ
ビン,ビン（医薬品　風邪薬・胃薬）,中身を使い切る,ひ
燃えない,ビン（医薬品　風邪薬・胃薬以外）,中身を使い切る,ひ
燃えない,ビン（薄め液容器）　,中身を使い切る,ひ
ビン,ビン（栄養剤）,中身を使い切る,ひ
ビン,ビン（果実酒）,中身を使い切る,ひ
ビン,ビン（薬の容器）,中身を使い切る,ひ
燃えない,ビン（殺虫剤容器）,中身を使い切る,ひ
燃えない,ビン（修正液容器）,中身を使い切る,ひ
燃えない,ビン（整髪料容器）,中身を使い切る,ひ
燃えない,ビン（塗料容器）,,ひ
ビン,ビン（ドレッシング容器）,中身を使い切る,ひ
ビン,ビン（海苔容器　焼き海苔）,中身を使い切る,ひ
ビン,ビン（海苔ビン　佃煮）,中身を使い切る,ひ
ビン,ビン（ビン類　飲料用）,中身を使い切る,ひ
燃えない,ビン（ビン類　飲料用以外）,中身を使い切る,ひ
ビン,ビン（ふりかけ容器）,中身を使い切る,ひ
燃えない,ビン（芳香剤容器）,中身を使い切る,ひ
燃えない,ビン（哺乳ビン）,,ひ
ビン,ビン（ワイン容器）,中身を使い切る,ひ
燃えない,ピンセット,,ひ
古紙・古衣類,便箋,（その他の紙）,ひ
燃えない,ピンどめ,,ひ
燃える,ファイル（金具のついていないもの）,,ふ
燃えない,ファイル（金具のついているもの）,,ふ
燃えない,ファックス,縦、横、高さの合計が１ｍ以下又は重さ１０㎏以下のもの,ふ
燃えない,ファンデーション（コンパクト）,,ふ
燃えない,ファンヒーター,灯油を抜く　コードは切って「硬質ごみ」へ,ふ
燃えない,フィルター,,ふ
燃える,フィルム（ネガ）,,ふ
燃えない,ブースター,コードは切って「硬質ごみ」へ,ふ
特殊・硬質,ブースターケーブル,,ふ
燃える,風船,,ふ
燃える,ブーツ,,ふ
古紙・古衣類,封筒類,（その他の紙）窓付きはビニール類を取って,ふ
燃えない,風鈴,,ふ
燃える,プール（幼児用）,１ｍ角以下のもの又はその寸法に切ったもの,ふ
燃える,笛（木・竹製）,,ふ
燃えない,笛（木・竹製以外）,,ふ
燃えない,フォーク（食器）,,ふ
燃える,ふきん,,ふ
燃えない,ふきん掛け,,ふ
燃えない,フック,,ふ
古紙・古衣類,ブックカバー（紙）,（その他の紙）,ふ
燃える,ブックカバー（紙以外）,,ふ
燃える,筆,,ふ
燃えない,筆箱（金属・プララスチック製）,,ふ
燃える,筆箱（金属・プラスチック製以外）,,ふ
燃える,不凍液容器,中身を使い切る,ふ
燃える,布団カバー,,ふ
燃えない,布団乾燥機,コードは切って「硬質ごみ」へ,ふ
燃える,布団タタキ（木・竹製）,,ふ
燃えない,布団タタキ（木・竹製以外）,,ふ
燃える,布団袋,,ふ
燃える,踏み台（木製）,縦、横、高さの合計が１ｍ以下又は重さ１０㎏以下のもの,ふ
燃えない,踏み台（木製以外）,縦、横、高さの合計が１ｍ以下又は重さ１０㎏以下のもの,ふ
古紙・古衣類,譜面,（その他の紙）,ふ
燃える,譜面台（木製）,,ふ
燃えない,譜面台（木製以外）,,ふ
燃えない,フライパン,,ふ
燃えない,ブラインド,長さ１ｍ以下のもの又はその寸法に切ったもの,ふ
燃えない,フライ返し,,ふ
燃える,ブラウス,,ふ
燃えない,プラグ（スパークプラグ）,,ふ
燃えない,ブラシ,,ふ
燃える,ブラジャー,,ふ
燃えない,プラモデル,,ふ
燃える,ブランケット,,ふ
燃える,プランター（木製）,土等は取り除いて,ふ
燃えない,プランター（木製以外）,土等は取り除いて,ふ
燃える,ブリーフ,,ふ
燃える,ふりかけ容器（ビン以外）,中身を使い切る,ふ
燃えない,プリンター（家庭用）,コードは切って「硬質ごみ」へ,ふ
燃えない,ふるい,,ふ
燃える,ブルーシート,１ｍ角以下のもの又はその寸法に切ったもの,ふ
燃える,ブレザー,,ふ
燃える,風呂釜用洗剤容器,中身を使い切る,ふ
燃える,風呂敷,,ふ
特殊・硬質,ブロック（コンクリート）,少量に限る,ふ
燃えない,フロッピーディスク,,ふ
燃える,風呂のふた（木製）,４０㎝角以下のもの又はその寸法に切ったもの,ふ
燃えない,風呂のふた（木製以外）,,ふ
燃える,風呂のマット,４０㎝角以下のもの又はその寸法に切ったもの,ふ
燃える,風呂用イス（木製）,,ふ
燃えない,風呂用イス（木製以外）,,ふ
燃える,風呂用ブーツ,,ふ
燃えない,文化鍋,,ふ
古紙・古衣類,文庫本,（その他の紙）,ふ
特殊・硬質,ぶんちん,,ふ
燃えない,分度器,,ふ
燃えない,分配器等,,ふ
燃えない,分波器,,ふ
燃えない,噴霧器（手動・電池式）,,ふ
燃えない,ヘアードライヤー,コードは切って「硬質ごみ」へ,へ
燃えない,ヘアーブラシ,,へ
燃えない,ヘアスタイラー,コードは切って「硬質ごみ」へ,へ
燃える,ヘアバンド,,へ
燃えない,ヘアピン,,へ
燃えない,ペーパーナイフ,,へ
燃えない,ペーパーホルダー,,へ
燃える,ベスト,,へ
燃える,ペットの砂,,へ
燃える,ペットフード容器（プラスチック）,中身を使い切る,へ
燃える,ペットフード容器（缶・プラスチック以外）,中身を使い切る,へ
ペットボトル,ペットボトル,中身を使い切る,へ
燃える,ペットボトルのふた・リング・ラベル,,へ
燃えない,ヘッドホン,,へ
燃える,ベニヤ板,４０㎝角以下のもの又はその寸法に切ったもの,へ
燃える,ベビーオイル容器（プラスチック）,中身を使い切る,へ
燃えない,ベビーオイル容器（プラスチック以外）,中身を使い切る,へ
燃える,ベビーチェアー（木製）,縦、横、高さの合計が１ｍ以下又は重さ１０㎏以下のもの,へ
燃えない,ベビーチェアー（木製以外）,縦、横、高さの合計が１ｍ以下又は重さ１０㎏以下のもの,へ
燃えない,ベビーバス,,へ
燃える,へら（木製）,,へ
燃えない,へら（木製以外）,,へ
燃える,ベルト,金具は「燃やせないごみ」へ,へ
燃えない,ヘルメット,,へ
燃える,便座カバー,,へ
燃えない,ベンジン容器,中身を使い切る,へ
燃える,弁当殻（使い捨て）,,へ
燃える,弁当箱（木製）,,へ
燃えない,弁当箱（木製以外）,,へ
燃えない,望遠鏡,,ほ
燃える,ほうき（竹製）,長さ４０㎝以下に切ったもの又はその寸法に切ったもの,ほ
燃えない,ほうき（竹製以外）,,ほ
燃える,芳香剤容器（ビン、缶以外）,,ほ
燃える,帽子,,ほ
古紙・古衣類,包装紙,（その他の紙）,ほ
燃える,包帯,,ほ
燃える,防虫剤容器,中身を使い切る,ほ
燃える,防虫シート,,ほ
燃えない,包丁,,ほ
燃えない,包丁立て,,ほ
特殊・硬質,ボウリングの玉,,ほ
燃える,ホース,長さ１ｍ以下のもの又はその寸法に切ったもの,ほ
燃えない,ホースリール,ホースは長さ１ｍ以下に切って「燃やせるごみ」へ,ほ
燃えない,ポータブルコンロ,ガスボンベは外して,ほ
燃えない,ボード（掲示用）,縦、横、高さの合計が１ｍ以下又は重さ１０㎏以下のもの,ほ
燃えない,ボード（スケートボード）,,ほ
燃える,ボードゲーム,,ほ
燃えない,ポール,長さ１ｍ以下のもの又はその寸法に切ったもの,ほ
燃える,ボール（ゴルフ）,,ほ
燃える,ボール（ソフトボール）,,ほ
燃える,ボール（テニス）,,ほ
燃える,ボール（バスケットボール）,空気を抜いて,ほ
燃える,ボール（バレーボール）,空気を抜いて,ほ
燃える,ボール（野球用）,,ほ
燃えない,ボールペン,,ほ
燃えない,ホーローカップ,,ほ
燃えない,ホーロー鍋,,ほ
燃えない,ホーローヤカン,,ほ
燃える,墨汁容器,中身を使い切る,ほ
燃えない,歩行器（幼児用）,,ほ
燃える,ポスター（防水タイプ）,,ほ
古紙・古衣類,ポスター（防水タイプ以外）,（その他の紙）,ほ
燃える,ボストンバッグ,,ほ
燃えない,ボタン,,ほ
燃えない,ホッチキス,,ほ
燃えない,ホッチキス針,,ほ
燃えない,ポット,,ほ
燃えない,ホットプレート,コードは切って「硬質ごみ」へ,ほ
燃える,ポラロイド写真,,ほ
燃えない,ポリ皿,,ほ
燃えない,ポリタンク,中身を使い切る,ほ
燃える,ポリ袋,,ほ
燃えない,ボルト（１０mm以下）,,ほ
特殊・硬質,ボルト（１０mm超）,,ほ
燃える,保冷剤,,ほ
燃える,ポロシャツ,,ほ
燃える,本立て（木製）,,ほ
燃えない,本立て（木製以外）,,ほ
燃えない,ボンド容器（金属製）,中身を使い切る,ほ
燃える,ボンド容器（金属製以外）,中身を使い切る,ほ
燃えない,マーカーペン,,ま
燃える,マーガリン容器,,ま
燃えない,麻雀パイ,,ま
燃える,麻雀マット,,ま
燃えない,マイク,コードは切って「硬質ごみ」へ,ま
燃えない,マウス（パソコン用）,コードは切って「硬質ごみ」へ,ま
燃える,マウスパッド,,ま
燃えない,マグカップ,,ま
燃えない,マグネット,,ま
燃えない,マグネットクリップ,,ま
燃えない,マグネットフック,,ま
燃える,まくら,,ま
燃える,孫の手（木・竹製）,,ま
燃えない,孫の手（木・竹製以外）,,ま
燃えない,マジックインキ,,ま
燃える,マスク（紙・布製）,,ま
燃えない,マスク（紙・布製以外）,,ま
燃えない,マッサージ機,縦、横、高さの合計が１ｍ以下又は重さ１０㎏以下のもの　コードは切って「硬質ごみ」へ,ま
燃える,マッチ,使用済みに限る,ま
燃える,マット（足ふき・玄関用）,長さ４０㎝以下に切ったもの又はその寸法に切ったもの,ま
燃えない,待ち針,,ま
燃える,まな板（木製）,厚さ８㎝以下のもの,ま
燃えない,まな板（木製以外）,,ま
燃えない,まな板受け,,ま
燃えない,マニキュア容器,,ま
燃える,マフラー,,ま
燃えない,魔法瓶,,ま
燃える,豆炭,少量に限る,ま
燃えない,豆電球,,ま
燃える,マヨネーズ容器,,ま
燃える,マラカス,,ま
燃えない,万年筆,,ま
燃えない,万歩計,,ま
燃える,みかんネット,,み
燃えない,ミキサー,コードは切って「硬質ごみ」へ,み
燃えない,ミシン（電動式）,縦、横、高さの合計が１ｍ以下又は重さ１０㎏以下のもの　コードは切って「硬質ごみ」へ,み
燃えない,水切りカゴ,,み
燃えない,水差し,,み
燃える,水まくら,,み
燃える,ミット,,み
燃えない,密封ビン,,み
燃えない,ミニカー,,み
燃えない,ミニスキー,,み
燃えない,耳かき（金属製）,,み
燃える,耳かき（金属製以外）,,み
燃える,蒸し器（木・竹製）,,む
燃えない,蒸し器（木・竹製以外）,,む
燃えない,虫取り網,,む
燃える,虫取りカゴ（木・竹製）,,む
燃えない,虫取りカゴ（プラスチック・金属製）,,む
燃えない,虫めがね,,む
燃える,ムシロ,,む
燃えない,無線機,縦、横、高さの合計が１ｍ以下又は重さ１０㎏以下のもの　コードは切って「硬質ごみ」へ,む
古紙・古衣類,名刺,（その他の紙）,め
燃えない,めがね,,め
燃える,めがねケース（ビニール・布製）,,め
燃えない,めがねケース（ビニール・布製以外）,,め
燃える,メガホン,,め
燃える,目薬の容器,中身を使い切る,め
燃えない,目覚まし時計,,め
燃えない,メジャー,,め
燃える,面,,め
燃える,めんぼう,,め
燃える,毛布,１ｍ角以下のもの又はその寸法に切ったもの,も
燃える,木炭,少量に限る,も
燃える,木片,長さ４０㎝厚さ８㎝以下のもの又はその寸法に切ったもの,も
燃えない,もちつき機,縦、横、高さの合計が１ｍ以下又は重さ１０㎏以下のもの　コードは切って「硬質ごみ」へ,も
燃えない,木琴,,も
燃える,木工用ボンド容器,中身を使い切る,も
燃えない,モップ,ぞうきん部分は「燃やせるごみ」へ,も
燃える,物干し竿（竹製）,長さ４０㎝以下のもの又はその寸法に切ったもの,も
燃えない,物干し竿（竹製以外）,長さ１ｍ以下のもの又はその寸法に切ったもの,も
燃える,ももひき,,も
燃えない,やかん,,や
燃えない,焼き型,,や
燃える,ヤッケ,,や
燃えない,湯かき棒,,ゆ
燃える,浴衣,,ゆ
燃える,床ワックス容器（プラスチック）,中身を使い切る,ゆ
燃えない,床ワックス容器（プラスチック以外）,中身を使い切る,ゆ
燃えない,湯たんぽ,,ゆ
燃えない,湯のみ,,ゆ
燃えない,湯沸し器（台所用）,,ゆ
燃えない,湯沸しポット,,ゆ
燃えない,洋裁ピン,,よ
燃えない,楊枝入れ（金属製・せともの）,,よ
燃える,楊枝入れ（金属製・せともの以外）,,よ
燃えない,ライター,ガス等を使い切る,ら
燃える,ラケット（テニス・バドミントン）（木・竹製）,,ら
燃えない,ラケット（テニス・バドミントン）（木・竹製以外）,,ら
燃えない,ラジオ,コードは切って「硬質ごみ」へ,ら
燃えない,ラジカセ,コードは切って「硬質ごみ」へ,ら
燃えない,ラジコン,コードは切って「硬質ごみ」へ,ら
燃える,ラップ,,ら
燃える,ラミネートチューブ,,ら
燃えない,ランタン,,ら
燃えない,ランチジャー,,ら
燃える,ランドセル,金具は「燃やせないごみ」へ,ら
燃えない,ランプ,,ら
燃えない,リール（釣りざお用）,,り
燃える,リップクリーム容器,,り
燃える,リボン,,り
燃えない,リモコン,,り
燃える,リュックサック,金具は「燃やせないごみ」へ,り
燃えない,両手鍋,,り
燃える,両面テープ,,り
燃える,リンス容器,中身を使い切る,り
燃える,ルーズリーフファイル,,る
燃えない,ルーペ,,る
燃える,冷蔵庫脱臭剤,,れ
燃える,冷凍保存用パック,,れ
燃えない,レコード,,れ
燃えない,レコードプレイヤー,コードは切って「硬質ごみ」へ,れ
燃える,レシート,,れ
燃える,レジ袋,,れ
燃える,レジャーシート,１ｍ角以下のもの又はその寸法に切ったもの,れ
燃える,レトルト食品パック,,れ
燃えない,レモン絞り,,れ
燃えない,レンガ,少量に限る,れ
燃えない,れんげ,,れ
燃えない,レンジ,コードは切って「硬質ごみ」へ,れ
燃える,ろうそく,,ろ
燃えない,ローション容器,中身を使い切る,ろ
燃える,ロージンバック,,ろ
燃えない,ロースター,コードは切って「硬質ごみ」へ,ろ
燃えない,ろーと,,ろ
燃える,ロープ（綿製品）,長さ１ｍ以下のもの又はその寸法に切ったもの,ろ
燃えない,ローラースケート,,ろ
燃えない,ローラーブレード,,ろ
燃えない,ろ過装置（水槽用）,コードは切って「硬質ごみ」へ,ろ
燃えない,ワープロ,コードは切って「硬質ごみ」へ,わ
燃えない,ワープロリボン,,わ
燃える,ワイシャツ,,わ
燃える,ワイパー（ゴム）,,わ
燃えない,ワイパー（ゴム以外）,,わ
特殊・硬質,ワイヤー,,わ
燃える,輪ゴム,,わ
燃える,ワゴン（台所用）（木製）,縦、横、高さの合計が１ｍ以下又は重さ１０㎏以下のもの,わ
燃えない,ワゴン（台所用）（木製以外）,縦、横、高さの合計が１ｍ以下又は重さ１０㎏以下のもの,わ
燃える,わた（綿）,,わ
燃える,ワックス容器（缶以外）,中身を使い切る,わ
燃える,割り箸,,わ
